A Beginner'sGuide, Java: The Complete Reference, JavaFor Dummies, Android Programming: The Big Nerd Ranch
A Beginner'sGuide, Java: The Complete Reference, JavaFor Dummies
A Beginner'sGuide, Java: The Complete Reference, JavaFor Dummies, Android Programming: The Big Nerd Ranch, Head First Java 2nd Edition
Android Programming: The Big Nerd Ranch, Head First Java 2nd Edition , Beginning Programming with Java
Android Programming: The Big Nerd Ranch, Beginning Programming with Java, Java 8 Pocket Guide
A Beginner'sGuide, Android Programming: The Big Nerd Ranch, Head First Java 2nd Edition
A Beginner'sGuide, Head First Java 2nd Edition , Beginning Programming with Java
Java: The Complete Reference, JavaFor Dummies, Android Programming: The Big Nerd Ranch
Java For Dummies, Android Programming: The Big Nerd Ranch, Head First Java 2nd Edition , Beginning Programming with Java
Beginning Programming with Java, Java 8 Pocket Guide, C++ Programming in Easy Steps
A Beginner'sGuide, Java: The Complete Reference,JavaFor Dummies, Android Programming: The Big Nerd Ranch
A Beginner'sGuide, Java: The Complete Reference, JavaFor Dummies, HTML and CSS: Design and Build Websites
A Beginner'sGuide, Java: The Complete Reference, JavaFor Dummies, Java 8 Pocket Guide, HTML and CSS: Design and Build Websites
Java For Dummies, Android Programming: The Big Nerd Ranch, Head First Java 2nd Edition
Java For Dummies, Android Programming: The Big Nerd Ranch
Head First Java 2nd Edition ,Beginning Programming with Java, Java 8 Pocket Guide
Android Programming: The Big Nerd Ranch, Head First Java 2nd Edition
Android Programming: The Big Nerd Ranch, Head First Java 2nd Edition, Java:The Complete Reference
A Beginner'sGuide, Java: The Complete Reference, JavaFor Dummies, Android Programming: The Big Nerd Ranch, C++ Programming in Easy Steps
A Beginner'sGuide, Java: The Complete Reference, JavaFor Dummies, HTML and CSS: Design and Build Websites, C++ Programming in Easy Steps
Head First Java 2nd Edition ,Beginning Programming with Java, Java 8 Pocket Guide, C++ Programming in Easy Steps, Android Programming: The Big Nerd Ranch
Head First Java 2nd Edition ,Beginning Programming with Java, Java 8 Pocket Guide, C++ Programming in Easy Steps, Android Programming: The Big Nerd Ranch, A Beginner'sGuide
A Beginner'sGuide, JavaFor Dummies
