Decorative Pillows, Quilts, Embroidered Bedspread
Embroidered Bedspread, Shams, Kids Bedding, Bedding Collections, Bed Skirts, Bedspreads, Sheets
Decorative Pillows, Quilts, Embroidered Bedspread, Shams, Kids Bedding, Bedding Collections
Kids Bedding, Bedding Collections, Sheets, Bedspreads, Bed Skirts
Decorative Pillows, Kids Bedding, Bedding Collections, Sheets, Bed Skirts, Bedspreads
Bedding Collections, Bedspreads, Bed Skirts, Sheets, Shams, Kids Bedding
Decorative Pillows, Quilts
Decorative Pillows,  Embroidered Bedspread
Bedspreads, Bed Skirts, Shams, Kids Bedding, Sheets
Quilts, Embroidered Bedspread, Bedding Collections
Bedding Collections, Bedspreads, Bed Skirts, Kids Bedding, Shams, Sheets
Decorative Pillows, Quilts,  Sheets
Embroidered Bedspread, Shams
Sheets, Shams, Bed Skirts, Kids Bedding
Decorative Pillows, Quilts, Bedspreads
Decorative Pillows, Kids Bedding, Bed Skirts, Shams
Decorative Pillows, Shams, Bed Skirts
Quilts, Sheets, Kids Bedding
Shams, Kids Bedding, Sheets
Decorative Pillows, Bedspreads, Shams, Sheets, Bed Skirts, Kids Bedding
Embroidered Bedspread, Shams, Kids Bedding, Bedding Collections, Bed Skirts, Bedspreads, Sheets, Decorative Pillows
Decorative Pillows, Kids Bedding, Bedding Collections, Sheets, Bed Skirts, Bedspreads, Embroidered Bedspread
Quilts, Decorative Pillows, Kids Bedding
Kids Bedding, Bedding Collections, Sheets, Bedspreads
Shams, Sheets, Quilts, Decorative Pillows
Decorative Pillows, Quilts, Embroidered Bedspread, Shams, Kids Bedding, Bedding Collections,Bed Skirts, Sheets, Bedspreads
Decorative Pillows, Shams, Sheets
Decorative Pillows, Shams, Sheets, Kids Bedding
